Noise Level (std ratio),mse,mae
noise_0.01,13.47675609588623,2.588245391845703
