dataset,pred_horizon,lookback_window,epochs,teacher_model,student_model,noise_level,noise_type,smoothing_factor,smoothing_method,experiment_type,run_idx,Teacher_mse,Teacher_mae,Teacher_similarity_cosine_similarity,Teacher_error_cos_similarity,TaskOnly_mse,TaskOnly_mae,TaskOnly_similarity_cosine_similarity,TaskOnly_error_cos_similarity,Follower_mse,Follower_mae,Follower_similarity_cosine_similarity,Follower_error_cos_similarity,RDT_mse,RDT_mae,RDT_similarity_cosine_similarity,RDT_error_cos_similarity
exchange_rate,24,192,3,DLinear,PatchTST,0.0,,0.0,,standard,1,0.00032470017660046486,0.014293155282550136,,,0.0002336220687728946,0.011689627221912519,0.9998991952565375,0.7471210172815391,0.00026539944008817314,0.01259518192452542,0.9999439904787581,0.8481737496414855,0.0002497485973723785,0.012114817539337198,0.9999343936099334,0.8357259179344698
exchange_rate,24,192,3,DLinear,PatchTST,0.05,gaussian,0.0,,noise_injection,1,0.0003175557335881084,0.01405416824175729,,,0.00023386255442881142,0.011795531058765145,0.9999256700985109,0.7975352964494387,0.00027648943977235865,0.0129876658698391,0.9999619913857101,0.8698470754566732,0.0002467040196456232,0.01213520763533888,0.9999479607645301,0.8486688533686294
exchange_rate,24,192,3,DLinear,PatchTST,0.0,,0.1,moving_average,denoising_smoothing,1,0.00032470017660046486,0.014293155282550136,,,0.0002336220687728946,0.011689627221912519,0.9998991952565375,0.7471210172815391,0.00026539944008817314,0.01259518192452542,0.9999439904787581,0.8481737496414855,0.0002497485973723785,0.012114817539337198,0.9999343936099334,0.8357259179344698
